"mb-1","d-flex","d-flex 2","d-flex 3","primary-skill-list 2","custom-badge","custom-badge 2","custom-badge 3","custom-badge 4","custom-badge 5","custom-badge 6","post-date","location","salary","primary-skill-list 3","primary-skill-list 4","primary-skill-list 5","primary-skill-list 6","primary-skill-list 7","primary-skill-list 8","custom-badge 7"
"IT and Accountancy Internship with Placement","Usar Barauli","TWSDC","0 years - 0 years experience","We train you for best opportunities in the Market and help me in your career growth. You are requested to contact our centre at 8173007831","INTERNSHIP","IT Support & BPO","Typing","Data entry","Computer basics","Accuracy","2 days ago","38 applicants","","","","","","","",""
"AI Manager","","Bulletins Of India","0 years - 2 years experience","BOI proposes to conduct workshops and programs focused on AI-enabled, human-curated educational videos. These initiatives encompass international-standard projects featuring content in Hindi (the primary language), English, and various Indian regional languages, alongside AI-driven language conversi...","FULL_TIME","IT and ITES","AI/ML","Deep learning","Python","Model deployment","4 days ago","28 applicants","₹0.2 - ₹15.0 LPA","","","","","","",""
"MERN STACK INTERNSHIP AT PUNE","yavatmal","Powered by Monster","0 years - 0 years experience","<...","FULL_TIME","Human Resources","Internship","","","","6 days ago","2 applicants","₹2.0 - ₹4.0 LPA","Maxgen Technologies Pvt ltd offering an internship in Pune. Candidates will get live project internships in mern stack and web development .","why seeking us","Skiled work program","placement without bond.","practical project during internship.","Interns friendly program.","Other Service Activities"
"GENRATIVE AI INTERNSHIP AT PUNE","jalgaon","Powered by Monster","0 years - 1 years experience","","FULL_TIME","Human Resources","Internship","","","","6 days ago","3 applicants","₹2.0 - ₹5.5 LPA","Maxgen Technologies Pvt ltd offering internships in Pune .the interns will get live project internships in generative ai and machine learning program.","what makes us perfect","committed to our services.","professional work culture.","advance technology Program.","online or of...","Other Service Activities"
"JAVA PROGRAMMING INTERNSHIP AT PUNE","pune","Powered by Monster","0 years - 0 years experience","","FULL_TIME","Human Resources","Internship","","","","9 days ago","12 applicants","₹2.5 - ₹4.5 LPA","Maxgen Technologies Pvt ltd is an it company based in Pune . Diploma ,Engineering and It candidates will get java internship, advance java and hibernate program.","why we are bets company","professional team work.","inspiring work culture.","live project during internship.","a...","Other Service Activities"
"PYTHON INTERNSHIP AT PUNE","dhule","Powered by Monster","0 years - 1 years experience","","FULL_TIME","Human Resources","Internship","","","","9 days ago","2 applicants","₹2.0 - ₹4.5 LPA","Maxgen Technologies Pvt ltd offering internships in Pune .the interns will get live project internships in python and machine learning program.","what makes us perfect","committed to our services.","professional work culture.","advance technology Program.","online or offline o...","Other Service Activities"
"DATA SCIENCE INTERNSHIP AT PUNE","jalgaon","Powered by Monster","0 years - 0 years experience","","FULL_TIME","Human Resources","Internship","","","","9 days ago","1 applicants","₹2.5 - ₹4.5 LPA","Maxgen Technologies Pvt ltd offers live project data science internship pune. we are offering internships in data science, data scientist and machine learning.","Why seeking us","online or offline program.","placement without bond.","practical project during internship.","s...","Other Service Activities"
"Work From Home HR Internship","16 Gm","Powered by Monster","0 years - 0 years experience","Description","FULL_TIME","Human Resources","Communication skills","Data Analysis","Social Media","Time Management","11 days ago","106 applicants","₹0.5 - ₹1.0 LPA","We are seeking a motivated and enthusiastic Work From Home HR Intern to join our team. This role is ideal for freshers or entry-level candidates looking to gain hands-on experience in the human resources field. As an HR intern, you will support various HR func...","","","","","","Other Service Activities"
"paid internship for 3 months","Nellore","TechMinds","0 years - 2 years experience","this was paid internship only for java python and data analytics and payment can be paid in 2 terms also","INTERNSHIP","IT and ITES","Data analysis","","","","12 days ago","391 applicants","","","","","","","",""
"DATA ANALYST INTERNSHIP AT PUNE","pune","Powered by Monster","0 years - 1 years experience","","FULL_TIME","Human Resources","Data Analyst","Internship","","","13 days ago","55 applicants","₹2.0 - ₹4.5 LPA","Maxgen Technologies Pvt ltd offering internships in Pune .the interns will get live project internships in data analyst and machine learning program.","what makes us perfect","committed to our services.","professional work culture.","advance technology Program.","online or off...","Other Service Activities"
"DATA ANALYST INTERNSHIP AT PUNE","16 Gm","Powered by Monster","0 years - 0 years experience","","FULL_TIME","Human Resources","Data Analyst","Data Analysis","","","13 days ago","33 applicants","₹2.5 - ₹4.5 LPA","Maxgen Technologies Pvt ltd is an it company based in Ahmedabad Gujarat .Engineering and IT freshers will get data analyst internship and power bi program.","What Services we are offering","Online or offline program.","professional Program.","live project in internship.","hyb...","Other Service Activities"
"MERN STACK INTERNSHIP AT PUNE","dhule","Powered by Monster","0 years - 0 years experience","","FULL_TIME","Human Resources","Internship","","","","13 days ago","1 applicants","₹2.5 - ₹4.0 LPA","Maxgen technologies is an it company based in pune . We are offering in mern stack internship with web development program to fresher candidates in Maharashtra .","Benefit to Choosing us","Advance skill program.","inspiring work culture.","live project during internship.","ad...","Other Service Activities"
"PYTHON INTERNSHIP AT PUNE","jalgaon","Powered by Monster","0 years - 0 years experience","","FULL_TIME","Human Resources","Internship","","","","13 days ago","2 applicants","₹2.5 - ₹4.5 LPA","Maxgen Technologies Pvt ltd offers live project data science internship pune. we are offering python internship and machine learning.","Why seeking us","practical project during internship.","placement without bond.","practical project during internship.","skilled staff an...","Other Service Activities"
"AWS DEVOPS INTERNSHIP AT PUNE","yavatmal","Powered by Monster","0 years - 0 years experience","","FULL_TIME","Human Resources","Internship","","","","14 days ago","0 applicants","₹2.0 - ₹5.0 LPA","Maxgen Technologies Pvt ltd is an it company based in pune .Enginreeing and It fresher interns will get Aws solution architect internship program with cloud computing .","what makes us different","professional teamwork.","inspiring work culture.","live project during internship","","Other Service Activities"
"DATA ANALYST INTERNSHIP AT AHMEDABAD","16 Gm","Powered by Monster","0 years - 0 years experience","","FULL_TIME","Human Resources","Internship","Statistics","","","14 days ago","11 applicants","₹3.0 - ₹5.0 LPA","Maxgen Technologies Pvt ltd offers live project internships in ahmedabad. candidate will get data analyst internship and power bi program with job Placement .","why interns choosing us","hybrid internship.","long-term and short-term program.","placement without bond.","practic...","Other Service Activities"
"JAVA DEVELOPMENT INTERNSHIP AT PUNE","pune","Powered by Monster","0 years - 0 years experience","","FULL_TIME","Human Resources","Internship","","","","14 days ago","5 applicants","₹2.0 - ₹4.5 LPA","Maxgen Technologies Pvt ltd offering an internship in Pune. Candidates will get live project internships in core java , advance java , hibernate, and spring .","why seeking us","Skiled work program","placement without bond.","practical project during internship.","Interns frie...","Other Service Activities"
"DATA SCIENCE INTERNSHIP AT PUNE","dhule","Powered by Monster","0 years - 0 years experience","","FULL_TIME","Human Resources","Internship","","","","15 days ago","1 applicants","₹2.0 - ₹4.0 LPA","Maxgen Technologies Pvt ltd offering an internship in Pune. Candidates will get live project internships in Ai and machine learning with job placement .","what we are offering","Skilled work program","placement without bond.","practical projec in internship.","Interns friendl...","Other Service Activities"
"PYTHON DEVELOPER INTERNSHIP AT PUNE","jalgaon","Powered by Monster","0 years - 0 years experience","","FULL_TIME","Human Resources","Internship","","","","15 days ago","18 applicants","₹2.5 - ₹4.0 LPA","Maxgen Technologies Pvt ltd offers live project internship pune. Candidate will get python internship with django and machine learning program with job placement .","Why we are important","hybrid internship.","long term and short term .","placement without bond.","practical p...","Other Service Activities"
"DATA ANALYST INTERNSHIP IN PUNE","yavatmal","Powered by Monster","0 years - 0 years experience","","FULL_TIME","Human Resources","Data Analyst","Internship","","","16 days ago","8 applicants","₹2.0 - ₹4.0 LPA","Maxgen Technologies Pvt ltd offering an internship in Pune. Candidates will get live project internships in data analyst and machine learning with job placement .","what we are offering","Skilled work program","placement without bond.","practical projec in internship.","Inter...","Other Service Activities"
"MERN STACK DEVELOPER INTERNSHIP","pune","Powered by Monster","0 years - 0 years experience","","FULL_TIME","Human Resources","Internship","","","","16 days ago","17 applicants","₹2.0 - ₹4.5 LPA","Maxgen Technologies Pvt ltd offering hiring interns in pune. we are offering full stack development program to IT and Engineering candidates will job placement .","why we are important","real-time live projects .","professional and experience staff .","good work culture.","jo...","Other Service Activities"
"MERN STACK DEVELOPER INTERNSHIP","pune","Powered by Monster","0 years - 0 years experience","","FULL_TIME","Human Resources","Internship","","","","16 days ago","17 applicants","₹2.0 - ₹4.5 LPA","Maxgen Technologies Pvt ltd offering hiring interns in pune. we are offering full stack development program to IT and Engineering candidates will job placement .","why we are important","real-time live projects .","professional and experience staff .","good work culture.","jo...","Other Service Activities"
"MERN STACK INTERNSHIP AT PUNE","pune","Powered by Monster","0 years - 0 years experience","","FULL_TIME","Human Resources","Internship","","","","16 days ago","4 applicants","₹2.0 - ₹5.0 LPA","Maxgen Technologies Pvt ltd offers live project internship pune. Engineering and IT freshers will get mern stack internship with front end development program..","What benefit we offer","hybrid internship.","long term and short term.","placement without bond.","practical proj...","Other Service Activities"
"DATA SCIENCE INTERNSHIP AT PUNE","amravati","Powered by Monster","0 years - 0 years experience","","FULL_TIME","Human Resources","Data Analyst","Internship","Data Analysis","Advance Excel","16 days ago","18 applicants","₹2.0 - ₹5.0 LPA","Maxgen Technologies Pvt ltd offering live project internship in pune. We are offering data science internship program to diploma and engineering freshers .","why choosing us","management support .","real-time live projects .","job placement in top mnc .","advance level skills...","Other Service Activities"
"PYTHON DEVELOPER INTERNSHIP IN AHMEDABAD","16 Gm","Powered by Monster","0 years - 0 years experience","l...","FULL_TIME","Human Resources","Internship","","","","16 days ago","50 applicants","₹2.5 - ₹4.5 LPA","Maxgen Technologies Pvt is located in ahmedabad. Engineering and Diploma student will get Python internship with ai program with job placement .","why we are best","Skill Management .","interns friendly Program","online or offline Program.","job placement without bond.","Other Service Activities"
"DATA ANALYST INTERNSHIP AT AHMEDABAD","16 Gm","Powered by Monster","0 years - 0 years experience","","FULL_TIME","Human Resources","Data Analyst","Internship","Data Analysis","Statistics","16 days ago","10 applicants","₹2.0 - ₹5.0 LPA","Maxgen Technologies Pvt ltd offers live project internships in ahmedabad. Candidate will get data anlayst internship and Ai program with job placement.","why choosing us","hybrid internship.","long-term and short-term program.","placement without bond.","practical project duri...","Other Service Activities"
"internship back office","Mumbai,  Navi Mumbai","TeamLease EdTech Limited","0 years - 0 years experience","Managing a team of representatives offering customer support.
Overseeing the customer service process.
Resolving customer complaints brought to your attention.
Creating policies and procedures.
Planning the training and standardization of service delivery.
Selecting and hiring new staff.
Monit...","FULL_TIME","Office & Administration","Back Office","","","","16 days ago","2 applicants","₹0.1 - ₹0.1 LPA","","","","","","","Education / Teaching / Training"
"Nestlé Internship Programme","16 Gm","Powered by Monster","0 years - 0 years experience","Position Summary","FULL_TIME","Human Resources","Mentoring","Team Player","strong communication skills","CGPA ? 3.2","19 days ago","2 applicants","₹0.1 - ₹0.1 LPA","Location: Bandar Utama, Petaling Jaya, Selangor","Company: Nestlé Malaysia","Bachelor's Degree","","","The Nestlé Internship Programme will provide you opportunities to gain valuable hands-on exposure and mentoring in your field of study. I...","Other Service Activities"
"Nestlé Internship Programme","16 Gm","Powered by Monster","0 years - 0 years experience","Position Summary","FULL_TIME","Human Resources","Mentoring","Team Player","strong communication skills","CGPA ? 3.2","19 days ago","1 applicants","₹0.1 - ₹0.1 LPA","Location: Bandar Utama, Petaling Jaya, Selangor","Company: Nestlé Malaysia","Bachelor's Degree","","","The Nestlé Internship Programme will provide you opportunities to gain valuable hands-on exposure and mentoring in your field of study. I...","Other Service Activities"
"Nestlé Internship Programme","16 Gm","Powered by Monster","0 years - 0 years experience","Position Summary","FULL_TIME","Human Resources","Mentoring","Team Player","strong communication skills","CGPA ? 3.2","19 days ago","0 applicants","₹0.1 - ₹0.1 LPA","Location: Bandar Utama, Petaling Jaya, Selangor","Company: Nestlé Malaysia","Bachelor's Degree","","","The Nestlé Internship Programme will provide you opportunities to gain valuable hands-on exposure and mentoring in your field of study. I...","Other Service Activities"
"Internship 2026, Technical Engineering in Industrial Engineering, Chassis System (RBTY/BPS)","16 Gm","Powered by Monster","0 years - 0 years experience","Job Description","FULL_TIME","Human Resources","Plant Simulation","","","","24 days ago","1 applicants","₹0.0 - ₹0.0 LPA","1) Support Industrial Engineering Process. 2) Support Ergonomic design and work system. 3) Support process work place design and development of work system. 4) Support process time data management, standard time and line ...","","","","","","Other Service Activities"
"PYTHON INTERNSHIP AT AHMEDABAD","16 Gm","Powered by Monster","0 years - 0 years experience","","FULL_TIME","Human Resources","Internship","","","","24 days ago","1 applicants","₹1.5 - ₹4.0 LPA","Maxgen Technologies Pvt ltd is an it company based in ahmedabad .Engineering and It fresher interns will get python internship program with django development.","what makes us different","professional teamwork.","inspiring work culture.","live project during internship","advan...","Other Service Activities"
"DATA ANALYST INTERNSHIP AT PUNE","amravati","Powered by Monster","0 years - 0 years experience","","FULL_TIME","Human Resources","Data Analyst","Internship","Advance Excel","","24 days ago","18 applicants","₹2.5 - ₹5.5 LPA","Maxgen Technologies Pvt ltd offering internships in Pune .the interns will get live project data analyst internship and machine learning program with job placement .","Why interns seeking us","Career oriented Program","professional work culture.","advance technology .","online...","Other Service Activities"
"Internship : Recruitment Talent Care Advisor (6 Month Intern) - Base in Penang","16 Gm","Powered by Monster","0 years - 0 years experience","A career in IBM Consulting is built on long-term client relationships and close collaboration worldwide. You'll work with leading companies across industries, helping them shape their hybrid cloud and AI journeys. With support from our strategic partners, robus...","FULL_TIME","Human Resources","Basic Understanding of Business Operations","Curiosity about Industry Trends","Exposure to Teamwork","Interest in Professional Development","28 days ago","0 applicants","₹0.0 - ₹0.0 LPA","Introduction","","","","","","Other Service Activities"
"DATA ANALYST INTERNSHIP AT PUNE","jalgaon","Powered by Monster","0 years - 0 years experience","","FULL_TIME","Human Resources","Data Analyst","Internship","Advance Excel","","31 days ago","19 applicants","₹1.5 - ₹5.0 LPA","Maxgen Technologies Pvt ltd located in pune . We are offering in data analyst internship and data analytics program to fresher candidtes. .","why we are important","interns friendly environment .","professional and experience staff .","good work culture.","job placement in top...","Other Service Activities"
"Full Time Internship","","OPEN AND DISTANCE LEARNING COUNCIL (ODLC)","0 years - 1 years experience","We are hiring Data Entry / Office Assistant candidates for our organization (ODLC). The candidate will be responsible for handling student data, maintaining records, basic computer work, and coordination with team members. Basic knowledge of MS Office, typing, and communication skills is required. F...","FULL_TIME","Admin Back Office","Data entry","MS Excel","Typing Higher","Communication Skills","33 days ago","33 applicants","₹0.1 - ₹12.0 LPA","","","","","","",""
"Branch Internship - Muthoot Finance","16 Gm","Powered by Monster","0 years - 1 years experience","","FULL_TIME","Human Resources","Customer Support","Documentation","Customer Services","KYC","34 days ago","1 applicants","₹0.5 - ₹2.0 LPA","1. Handling walkins enquires & supporting customers at branch for KYC & Documentation up keeping.","2. Customer Services & Orientation","3. In - House cross sell of canvas of products (only inside branch )","4. Interest collection calling & informing need updated on calling to existin...","","","Other Service Activities"
"Business Analytics internship","16 Gm","Powered by Monster","0 years - 1 years experience","","FULL_TIME","Human Resources","Marketing","Data Analysis","Problem-solving skills","business analytics","34 days ago","1 applicants","₹0.5 - ₹1.0 LPA","GreenCell Mobility is offering an exciting opportunity for a highly motivated Business Analytics Intern to contribute to our mission of sustainable electric mobility. This internship provides a hands-on experience in leveraging data to drive business growth. The selected intern will play a key ro...","","","","","","Other Service Activities"
"Business Analytics internship","16 Gm","Powered by Monster","0 years - 1 years experience","","FULL_TIME","Human Resources","Marketing","Data Analysis","Problem-solving skills","business analytics","34 days ago","0 applicants","₹0.5 - ₹1.0 LPA","GreenCell Mobility is offering an exciting opportunity for a highly motivated Business Analytics Intern to contribute to our mission of sustainable electric mobility. This internship provides a hands-on experience in leveraging data to drive business growth. The selected intern will play a key ro...","","","","","","Other Service Activities"
"DATA ANALYST INTERNSHIP AT AHMEDABAD","16 Gm","Powered by Monster","0 years - 0 years experience","","FULL_TIME","Human Resources","Data Analyst","Internship","Data Analysis","Statistics","44 days ago","15 applicants","₹2.0 - ₹5.0 LPA","Maxgen Technologies Pvt ltd offers live project internships in ahmedabad. Candidate will get data anlayst internship and Ai program with job placement.","why choosing us","hybrid internship.","long-term and short-term program.","placement without bond.","practical project duri...","Other Service Activities"
"DATA SCIENCE INTERNSHIP AT PUNE","dhule","Powered by Monster","0 years - 1 years experience","","FULL_TIME","Human Resources","Internship","","","","44 days ago","9 applicants","₹2.0 - ₹4.5 LPA","Maxgen Technologies Pvt ltd offering internships in Pune .the interns will get live project internships in data science and machine learning program.","what makes us perfect","committed to our services.","professional work culture.","advance technology Program.","online or off...","Other Service Activities"
"DATA ANALYST INTERNSHIP AT PUNE","jalgaon","Powered by Monster","0 years - 0 years experience","","FULL_TIME","Human Resources","Data Analyst","Internship","","","44 days ago","15 applicants","₹2.5 - ₹4.0 LPA","Maxgen Technologies Pvt ltd located in pune . We are offering in data analyst internship and data analytics program to fresher candidtes. .","why we are important","interns friendly environment .","professional and experience staff .","good work culture.","job placement in top...","Other Service Activities"
"REACT JS INTERNSHIP AT PUNE","pune","Powered by Monster","0 years - 0 years experience","","FULL_TIME","Human Resources","Internship","","","","44 days ago","5 applicants","₹2.0 - ₹4.5 LPA","Maxgen Technologies Pvt ltd offering hiring interns in pune. we are offering react js development program to IT and Engineering candidates will job placement .","why we are important","real-time live projects .","professional and experience staff .","good work culture.","job ...","Other Service Activities"
"MERN STACK DEVELOPMENT INTERNSHIP","16 Gm","Powered by Monster","0 years - 0 years experience","","FULL_TIME","Human Resources","Internship","","","","45 days ago","0 applicants","₹2.5 - ₹4.5 LPA","Maxgen Technologies Pvt Ltd offering Web development program in Ahmedabad. we are offering mern stack internship with frontend and backend learning program.","Why seeking our program","Online or Offline internships.","experienced staff .","Attractive locations .","Skills devel...","Other Service Activities"
"JAVA DEVELOPMENT INTERNSHIP AT PUNE","pune","Powered by Monster","0 years - 0 years experience","","FULL_TIME","Human Resources","Internship","","","","45 days ago","6 applicants","₹2.0 - ₹4.5 LPA","Maxgen Technologies Pvt ltd offering an internship in Pune. Candidates will get live project internships in core java , advance java , hibernate, and spring .","why seeking us","Skiled work program","placement without bond.","practical project during internship.","Interns frie...","Other Service Activities"
"Fresher Intern - HR","pune","Powered by Monster","0 years - 0 years experience","","FULL_TIME","Human Resources","Fresher","HR","Human Resources","Internships","45 days ago","3 applicants","₹4.0 - ₹6.5 LPA","We are looking for candidates with technical background to intern with us for 3 months. post which a full time job is guaranteed. You must be Bsc/BCA/MCA/BE/Mtech etc.","Learning opportunities would be immense. You will earn GenAI based tools usage.","You will get cutting exposure ...","","","","Other Service Activities"
"Fresher Intern - Marketing & Sales","pune","Powered by Monster","0 years - 1 years experience","Key Responsibilities:","FULL_TIME","Human Resources","Sales","Marketing","Internships","GenAI tools","45 days ago","4 applicants","₹4.5 - ₹6.0 LPA","Leverage  ...","Support sales and business development activities across global markets (Singapore, UK, India, Thailand)","Work closely with senior team members on outreach, lead generation, and market research","GenAI tools","","","Other Service Activities"
"Fresher Intern - HR","pune","Powered by Monster","0 years - 0 years experience","","FULL_TIME","Human Resources","Fresher","HR","Human Resources","Internships","46 days ago","2 applicants","₹4.0 - ₹6.5 LPA","We are looking for candidates with technical background to intern with us for 3 months. post which a full time job is guaranteed. You must be Bsc/BCA/MCA/BE/Mtech etc.","Learning opportunities would be immense. You will earn GenAI based tools usage.","You will get cutting exposure ...","","","","Other Service Activities"
"Fresher Intern - Marketing & Sales","pune","Powered by Monster","0 years - 1 years experience","Key Responsibilities:","FULL_TIME","Human Resources","Sales","Marketing","Internships","GenAI tools","47 days ago","4 applicants","₹4.5 - ₹6.0 LPA","Leverage  ...","Support sales and business development activities across global markets (Singapore, UK, India, Thailand)","Work closely with senior team members on outreach, lead generation, and market research","GenAI tools","","","Other Service Activities"
"Fresher Intern - HR","pune","Powered by Monster","0 years - 0 years experience","","FULL_TIME","Human Resources","Fresher","HR","Human Resources","Internships","47 days ago","4 applicants","₹4.0 - ₹6.5 LPA","We are looking for candidates with technical background to intern with us for 3 months. post which a full time job is guaranteed. You must be Bsc/BCA/MCA/BE/Mtech etc.","Learning opportunities would be immense. You will earn GenAI based tools usage.","You will get cutting exposure ...","","","","Other Service Activities"
"MARS Internship Program","kolkata","Powered by Monster","0 years - 0 years experience","Mars Internship Program","FULL_TIME","Human Resources","Interpersonal Skills","Project Management","Analytical Thinking","Learning agility","49 days ago","9 applicants","₹4.5 - ₹5.5 LPA","The  is a robust initiative designed for undergraduate students currently pursuing their degrees in institutions of higher learning. This internship offers young, ambitious minds the opportunity to contribute ideas, explore new perspectives, and gain hands-...","","","","","","Other Service Activities"
"Human Resource Manager Internship","16 Gm","Powered by Monster","0 years - 1 years experience","","FULL_TIME","Human Resources","hiring","Human Resource","Onboarding","linkedin","50 days ago","1 applicants","₹3.0 - ₹15.0 LPA","","","","","","","Other Service Activities"
"HR Internship - Talent Acquisition","16 Gm","Powered by Monster","0 years - 1 years experience","About Us","FULL_TIME","Human Resources","communication","Recruitment","Stakeholder management","negotiation","51 days ago","0 applicants","₹0.5 - ₹1.0 LPA","","Paytm is India's leading mobile payments and financial services distribution company. Pioneer of the mobile QR payments revolution in India, Paytm builds technologies that help small businesses with payments and commerce. Paytm's mission is to serve half a billion...","","","","","Other Service Activities"
"GRC - Internship","coimbatore","Powered by Monster","0 years - 1 years experience","Responsibilities:","FULL_TIME","Human Resources","Analytical skills","research skills","AI governance","GRC Frameworks","52 days ago","3 applicants","₹1.0 - ₹2.5 LPA","","Participate in strategic consulting engagements focused on building Information Security frameworks and governance models for greenfield environments.","Assist in the development and implementation of Information Security and Governance framewor...","","","","Other Service Activities"
"Internship Trainee - Retail Branch Banking","16 Gm","Powered by Monster","0 years - 0 years experience","Directly working and mentored under the Branch head.","FULL_TIME","Human Resources","Sales","BRANCH OPERATIONS","Banking Operations","HNI Client Handling","52 days ago","4 applicants","₹6.0 - ₹48.0 LPA","We are looking for candidates who are willing to work as intern in branch banking","Learning various facets of the banking industry , and customer handlingpeople management","Understanding the needs of the walk in ...","","","","Other Service Activities"
"GRC - Internship","coimbatore","Powered by Monster","0 years - 1 years experience","Responsibilities:","FULL_TIME","Human Resources","Analytical skills","research skills","AI governance","GRC Frameworks","54 days ago","2 applicants","₹1.0 - ₹2.5 LPA","","Participate in strategic consulting engagements focused on building Information Security frameworks and governance models for greenfield environments.","Assist in the development and implementation of Information Security and Governance framewor...","","","","Other Service Activities"
"Internship Trainee - Retail Branch Banking","16 Gm","Powered by Monster","0 years - 0 years experience","Directly working and mentored under the Branch head.","FULL_TIME","Human Resources","Sales","BRANCH OPERATIONS","Banking Operations","HNI Client Handling","54 days ago","4 applicants","₹6.0 - ₹48.0 LPA","We are looking for candidates who are willing to work as intern in branch banking","Learning various facets of the banking industry , and customer handlingpeople management","Understanding the needs of the walk in ...","","","","Other Service Activities"
"Internship in Software marketing for Housing Society Billing and Accounting Software All Ind No ExSr","","SanSoft InfoTech","0 years - 40 years experience","social media marketing, email marketing, tele marketing, visits to housing societies ... No Targets , you will have to start on part time basis, after every sale, timing can be gradually increased to full time basis. For faster response please mail your cv with screenshot of this job . 1st month ful...","INTERNSHIP","Marketing & Sales","Marketing","Technical Support","social media marketing","email marketing","82 days ago","4 applicants","₹0.0 - ₹0.0 LPA","","","","","","","IT and Communication"
"Internship Software Marketing and support","abdullan","SanSoft InfoTech","0 years - 40 years experience","Candidates must be able to read , write , speak English and Local Languages ********* Software Support ***** Software Installation ******** User Support & Training ***** ERP Implementation ******* Social Media Marketing ***** Facebook Marketing ****** LinkedIn ***** Instagram ******* Telemarketi...","INTERNSHIP","Information Technology","Accounting","Sales","Marketing","Social Media","82 days ago","7 applicants","₹0.0 - ₹0.0 LPA","","","","","","","IT and Communication"
"Internship in Software marketing for Housing Society Billing and Accounting Software All India","","SanSoft InfoTech","0 years - 40 years experience","social media marketing, email marketing, tele marketing, visits to housing societies ... No Targets , you will have to start on part time basis, after every sale, timing can be gradually increased to full time basis. For faster response please mail your cv with screenshot of this job . 1st month ful...","INTERNSHIP","Marketing & Sales","Marketing","Technical Support","social media marketing","email marketing","82 days ago","4 applicants","₹0.0 - ₹0.0 LPA","","","","","","","IT and Communication"